total_packets,total_bytes,flow_duration_seconds,avg_packet_length,std_packet_length,forward_bytes,backward_bytes,forward_backward_ratio,avg_ttl,max_tcp_flag,min_tcp_flag,label,vpn_binary,service_type,app_type
1.7319696784624972,1.7315218095926692,1.061426297142039,-0.5953035768801808,-0.8912997286993699,1.7320220603966363,1.7232190528096132,0.4172577482938546,1.0425026868392542,-0.5773502691896258,1.0,AIM-VPN,1,Other,AIM
-0.5673877311742539,-0.5928563224667284,0.9200255172420193,-1.016728662117436,-0.3472207783419218,-0.5679367626000512,-0.6595930357577041,1.224601650795655,-0.3470757640318819,-0.5773502691896258,-1.0,AIM-VPN,1,Other,AIM
-0.5716458004513589,-0.5371298086790393,-1.169403853503202,1.6161249113282503,1.6958418810638505,-0.5822933615640237,-0.4097413673904686,-1.5203564738278161,0.7816485840609113,1.7320508075688774,-1.0,AIM-VPN,1,Other,AIM
-0.5929361468368844,-0.6015356784469015,-0.8120479608808561,-0.004092672330633548,-0.45732137402255835,-0.5817919362325614,-0.6538846496614404,-0.12150292526169322,-1.4770755068682826,-0.5773502691896258,1.0,AIM-VPN,1,Other,AIM
