total_packets,total_bytes,flow_duration_seconds,avg_packet_length,std_packet_length,forward_bytes,backward_bytes,forward_backward_ratio,avg_ttl,max_tcp_flag,min_tcp_flag,label,vpn_binary,service_type,app_type
2.2360655907964215,2.2360653499088916,2.215980876019341,1.5299654113093817,1.4157534793166244,2.236067849636669,2.2360560731230197,-0.26192171505392536,2.2257721628565434,0.0,-1.4142135623730947,Facebook-VPN,1,Social Network,Facebook
-0.44641285609278997,-0.4485286821305361,-0.28628905955192835,-1.0452940885166555,-1.3287604193309333,-0.4477839339747324,-0.4493629846904895,-0.08191498060249246,-0.3898108907895771,0.0,0.7071067811865478,Facebook-VPN,1,Social Network,Facebook
-0.4448123319598012,-0.4470754474118366,-0.26588551848059516,-0.6290453789167637,-0.3908923828443294,-0.4467691182067084,-0.44741785202436557,-0.622595937483635,-0.5161454065150385,0.0,0.7071067811865478,Facebook-VPN,1,Social Network,Facebook
-0.4496139043587676,-0.44846036767794767,-0.6031337681108376,-0.5313832232637283,-0.41085978021253505,-0.4472859225330169,-0.44977678662623677,1.6466711320729912,-0.3342237038703746,0.0,0.7071067811865478,Facebook-VPN,1,Social Network,Facebook
-0.4472131181592844,-0.444018686178743,-0.6027543997779549,1.2489702760520447,1.2664986119860842,-0.44737753784540796,-0.44024879937957273,-1.4790163529940803,-0.6156338376488386,0.0,-1.4142135623730947,Facebook-VPN,1,Social Network,Facebook
-0.44801338022577875,-0.4479821665098286,-0.457918130098025,-0.5732129966642795,-0.5517395089149114,-0.4468513370768029,-0.4492496504023549,0.7987778540611408,-0.36995832403271905,0.0,0.7071067811865478,Facebook-VPN,1,Social Network,Facebook
